name,shippingAddress,billingAddress,gstNo,panNo
Gutkowski-Green,54 Claremont Road,4610 Corscot Street,0383675456,8716969669
"Howell, Yost and Funk",27965 Bluejay Center,193 Elmside Pass,7568551369,9749807472
Stamm-Anderson,17 Hansons Junction,8931 Northfield Road,0057853355,3856205403
Kirlin-Steuber,98044 Kennedy Terrace,8560 Ronald Regan Alley,1147154104,8654667729
Olson-Mertz,44 Comanche Trail,59 Prairie Rose Street,6619409822,6613713406
"Conroy, Kris and Torp",43314 Dayton Parkway,21281 Towne Circle,4893919482,5503257197
Cummings-VonRueden,2 Basil Trail,20395 Manitowish Plaza,4406944265,7789719335
Gerhold-Predovic,0 Hazelcrest Place,60 Pankratz Lane,9866180085,1935129562
Boyer LLC,192 Emmet Pass,65 Dovetail Center,2776016735,6637662011
Stokes-Haley,1532 Merchant Drive,7521 Rutledge Alley,2715003838,4391576295
"Kilback, Nitzsche and Hodkiewicz",598 Tennyson Circle,1 Bashford Crossing,1243683023,2994442655
Ortiz Group,042 Dovetail Junction,2645 Riverside Point,6579839287,1119270391
"Crona, Padberg and Feil",931 West Street,64 Memorial Road,2597611140,0359591485
"Kling, Rau and Torp",70 Golf View Circle,230 Nova Drive,6725049311,2660982562
"Breitenberg, Stroman and Walter",91 Roth Point,64 Ruskin Lane,7331418521,5524555782
"Ankunding, Stoltenberg and Gutmann",76216 Hansons Terrace,68173 Forster Road,8765001257,5405552623
"Quigley, Emard and Lowe",36 Acker Road,238 Mcguire Crossing,6302887399,1238720153
Ritchie-Upton,6556 Charing Cross Trail,1 Kinsman Hill,2613772700,8299202256
Senger-Smith,2 Reinke Court,2 5th Crossing,2178638759,9118710131
"Crona, Reichel and Kuhlman",32 Marquette Point,4830 Hintze Pass,6085815778,4139508388
Purdy-Mosciski,25 Sage Crossing,343 Amoth Center,9523841637,7371979621
Sauer Group,2601 Melrose Way,3321 Jenna Hill,6170667788,5739931312
"Kunze, Gusikowski and Hoppe",789 Susan Avenue,68705 Barnett Point,1985841002,6750829619
Beahan-Kautzer,68095 Schlimgen Hill,027 Dexter Plaza,5450706871,7208002738
King Group,15843 Merry Road,6529 Hanson Junction,9691388030,4759515445
Dooley LLC,52 Hermina Park,912 Shasta Circle,3939307831,4124479085
Hand-Douglas,4 Mallory Point,9263 Karstens Lane,3707732460,0726639532
Kris and Sons,97433 Starling Avenue,79 Longview Junction,4227042623,1337803235
"Willms, Kub and Jacobi",38707 Vidon Way,4 Loomis Place,8716967259,6373716082
Kilback-Ruecker,66 Sherman Court,2992 Upham Drive,3325032257,4304525204
Johns Group,37 Muir Center,4 Paget Hill,2337653390,6214664762
Senger-Schneider,945 Burrows Circle,470 Butterfield Plaza,6131808015,5039594070
Erdman-Steuber,63293 Mariners Cove Pass,042 Eagle Crest Lane,3779798174,1677804300
"Murazik, Ernser and Harvey",827 Monterey Lane,2 Mifflin Hill,4351956712,8086097129
"Boehm, Pfannerstill and Harris",4047 Jenifer Hill,10012 Kenwood Street,0425366723,8042199538
Franecki and Sons,273 Loftsgordon Center,9422 Anthes Avenue,8329763692,1174866020
Kreiger-Bosco,4222 High Crossing Center,88 Twin Pines Hill,5347111348,4420355425
Watsica-Flatley,1 Drewry Terrace,1 Memorial Plaza,4008562443,3401746340
Breitenberg-Bechtelar,9679 Killdeer Plaza,4732 Veith Street,1860472184,8396726868
Upton-Jakubowski,36 American Ash Lane,480 Killdeer Crossing,7890492677,2975571690
"Stanton, Bayer and Nolan",754 Clemons Court,08340 Amoth Plaza,1195924828,7154657480
Bednar and Sons,5684 Swallow Avenue,43040 Shoshone Point,6057044185,7852414516
Kuhic Group,8244 Express Hill,6 Oneill Circle,6738993161,2795578603
"Reinger, Kuphal and Blanda",056 Karstens Junction,36532 Ridgeway Way,2014248044,3630821243
Hansen and Sons,5936 Darwin Park,17 Bunker Hill Plaza,8295171747,4130185608
"Johnson, Farrell and Weissnat",47654 Welch Lane,4278 Hayes Way,1087901588,9073822076
Casper Inc,055 Memorial Park,3 Dennis Road,1200203666,1053436211
"Kovacek, Beier and Keebler",10 Talmadge Trail,9476 Pierstorff Alley,8703516318,6904339721
"Anderson, Gulgowski and Hermann",65 Blackbird Circle,08704 Brown Plaza,8950044072,2485406774
Stark and Sons,1 Esker Crossing,2406 Surrey Point,1651394911,2781424714
McLaughlin Inc,5512 Kings Drive,3 Anzinger Way,1003636772,5421627713
Ledner-Kulas,751 Vernon Plaza,0 Stephen Pass,7037806021,1687268894
Schaden-Steuber,0411 Petterle Plaza,4125 Paget Lane,8137796665,0607032375
Willms-Ritchie,478 Canary Junction,7615 Badeau Pass,3511733987,1381875734
Gottlieb LLC,30 West Center,3217 Portage Drive,4017489141,7662716554
Schuster-King,458 Pearson Road,48 Vera Circle,3895402281,2946119971
Daugherty-Hansen,94534 Division Junction,2 Swallow Point,1605574155,6672065105
Ankunding Inc,95193 Hallows Road,5 Larry Parkway,3500631819,4225783464
"Kohler, Mann and Hintz",8 Arrowood Road,1770 Loeprich Trail,5576338472,4064538358
Baumbach LLC,94 Autumn Leaf Drive,4782 Manley Street,4343462951,2272540198
"Champlin, Renner and Orn",1012 Hoffman Parkway,8 Cardinal Street,7429395260,1987649575
Welch Group,5 American Park,932 Crescent Oaks Street,5807179161,0717272575
Friesen LLC,7944 Kedzie Place,3 1st Street,5200875579,2724017609
Parisian Group,4361 Spohn Pass,8 Pond Avenue,2046492250,8738612011
Parisian and Sons,6 Sloan Terrace,0849 Sutherland Way,2862747963,4499173078
"Erdman, Rau and Hand",929 Delaware Terrace,55257 Utah Way,1453891269,9778310114
Gibson-Kling,27551 Orin Lane,67 Colorado Center,5602398015,6540326416
"Kling, Pouros and Rippin",87788 Autumn Leaf Terrace,1494 Melody Avenue,7969973523,3997651329
Oberbrunner-Gibson,3732 Katie Center,0 Green Ridge Alley,9062160611,2105557341
Powlowski Group,3164 Brentwood Place,6875 Hoepker Parkway,9206726412,2410817289
Dickens-Beer,7 Parkside Parkway,9907 Hanover Parkway,1659522595,3930051613
"Corkery, Walter and Smith",26 Moland Place,3684 Laurel Alley,5551499340,2713928990
Romaguera-Howell,8755 Hoepker Pass,09 Sage Drive,4669629980,6771719383
Volkman-Collier,31 Hagan Parkway,71 Buena Vista Lane,7279683290,6536248066
"Okuneva, Treutel and Jacobson",6 Buell Center,51 Hudson Junction,7509285038,6248433542
"Bruen, Christiansen and Quitzon",326 Harper Street,8 Manufacturers Center,8783851585,1518864201
White-Pouros,650 Lien Point,4857 Chinook Center,8606428639,3086880481
Barrows-Douglas,94064 Lakewood Gardens Terrace,0 Katie Place,1366891767,6296852592
Gislason Group,5 Walton Avenue,07265 Fair Oaks Parkway,8425273404,2991923571
Fadel LLC,80 Doe Crossing Hill,8 Quincy Road,1190047004,0771083807
Langworth-Krajcik,23036 Westend Hill,7340 Hoffman Place,6895205187,6895686932
Reynolds Inc,39329 Lotheville Center,59503 Gale Avenue,1423408969,1216011958
Kreiger and Sons,1 Dapin Park,59177 Darwin Lane,4008600299,3752055154
Wisozk Inc,74 Novick Plaza,75237 Milwaukee Plaza,6860136375,8119498917
Champlin-D'Amore,7519 American Ash Pass,6 Stuart Lane,9562506398,0891135561
Price-Heller,4912 Victoria Parkway,71866 Brentwood Plaza,3126975488,7595386454
Barrows-Herzog,79119 Union Lane,38377 Mariners Cove Court,9705017816,2482486653
"Bins, Gislason and Gibson",56756 Northridge Lane,93 Lotheville Drive,1936601966,1704616484
"O'Hara, Tremblay and Kerluke",58073 Bartelt Crossing,2 Bayside Avenue,6556343382,7917021157
Schowalter-Herzog,3331 Nancy Drive,82 Service Road,1650331924,3310478254
Jacobson-Toy,9 Veith Circle,0 Grayhawk Street,1862519455,5470073246
"Oberbrunner, Schumm and Kunze",486 Heffernan Plaza,57 Amoth Terrace,4678322485,7998299355
"Mante, Gislason and Bechtelar",28053 Banding Alley,9807 Melvin Terrace,9977617260,5896456247
"Stanton, Barrows and Parker",05 Union Place,661 Mayer Point,4309085776,3096116237
Powlowski and Sons,7 Shelley Place,649 Susan Terrace,1572199563,9642248891
Hickle-Mertz,635 Warner Terrace,60 Division Road,0459418203,9497529716
Morar Inc,2895 Ronald Regan Point,7477 Spohn Road,3526470561,6458076967
Sauer and Sons,269 Nobel Park,444 Express Junction,4160241832,6420580560
Kessler-Schinner,5 Hanover Center,48 Comanche Parkway,8946448784,6847089474
Ortiz Group,90126 Vidon Avenue,846 Erie Road,9501401227,2310619957
Bins-Johns,6 Autumn Leaf Junction,341 Pierstorff Hill,7529653008,2846785066
"Ondricka, Rowe and Watsica",3247 Carpenter Hill,7964 Pond Street,6714920458,0191101834
Kuphal Group,3375 Spenser Street,687 Lotheville Way,1124710639,6213374655
O'Connell Inc,07968 Rowland Circle,0317 Hooker Junction,5181195601,5000250869
Feest Group,19 Fulton Court,18000 Iowa Plaza,6076058064,3337929915
Goldner-Hackett,2 Cordelia Park,29307 Nelson Way,7824044092,4348703256
Bogisich-Mueller,5037 Farwell Terrace,9 Magdeline Street,2424569738,5619923088
"Bogisich, Green and Bergnaum",9994 Gulseth Avenue,0 Delladonna Center,5373257761,0717691810
Sauer Inc,4170 Sutteridge Plaza,7 Redwing Court,9890114135,5614838139
Rath-Rempel,95 Kedzie Way,7 Walton Parkway,9317368581,6803793869
Gusikowski-Satterfield,1215 Kropf Parkway,32812 Eliot Crossing,5661541414,1357756356
Casper-McDermott,3 Myrtle Street,06991 Spohn Court,2402154225,5700243466
"Mraz, Muller and Kunde",1 Farwell Hill,51 Hauk Park,3925584862,6028971332
Kulas-Roob,5820 Troy Trail,0343 Lakewood Gardens Way,8649751679,0345083261
Block-O'Hara,08686 Packers Circle,91 Namekagon Terrace,4399825642,0863907105
Gleichner-Langworth,2 Forest Dale Drive,51 Del Sol Court,5760444476,1583151486
"Metz, Bailey and Jacobi",2607 Troy Road,35 Ilene Hill,3475342294,0424479176
Ebert Inc,3 Florence Circle,53911 Sachtjen Circle,1582011265,6603321254
Purdy Inc,2 Everett Center,16 Springview Trail,5141185427,4863652321
"Jast, Borer and Waters",09 Towne Plaza,508 Holmberg Hill,2837639923,6320079541
Weber-Blanda,3133 Arapahoe Place,69 Longview Point,8774447181,9911361721
"Gutmann, Durgan and Orn",5 Sunfield Point,677 Chinook Trail,4394702445,4984804440
Batz Group,17 Lawn Point,3385 Weeping Birch Road,7508638174,9698550348
Mayer LLC,4131 Colorado Court,2 Brickson Park Trail,7867045090,2210210402
"Prohaska, Hyatt and Stiedemann",5 Aberg Alley,35097 Walton Park,0743267095,6533147757
"Huels, Walsh and Barton",317 Hintze Park,64 Bayside Park,0091063744,5128709949
Jacobs-Reynolds,7 Springs Plaza,18 Merchant Drive,8429529055,3611702072
"Weissnat, Schoen and Schmeler",3 Thackeray Drive,8 Moland Street,9493828999,7362818270
Littel Group,30594 Northfield Terrace,73521 Farragut Point,6537416213,0579305848
Skiles-Green,896 Sachs Alley,0042 Nelson Circle,7386722397,4113930163
Kuphal-Oberbrunner,71974 Russell Point,97 Northridge Trail,0417711964,1767656181
Dibbert-Bahringer,8771 Vera Junction,783 Pine View Alley,5841550667,6129063423
Christiansen-Gleichner,94781 Bashford Way,35 Oriole Junction,5421619842,7953414759
Predovic-Leffler,991 School Parkway,6 Melody Pass,4955865119,9871032927
Rosenbaum-Zemlak,66586 Dryden Drive,650 Utah Alley,7376528636,7121312565
Kohler LLC,4600 Continental Center,593 Elgar Point,6113827402,9526682394
"Gibson, Pagac and Oberbrunner",6 Almo Drive,0 Cascade Park,5236404290,9568308423
"Reynolds, Swift and O'Kon",17 Ridgeway Hill,730 Bunting Street,1457114917,0074178504
Fisher-Frami,66104 Eggendart Crossing,45 Vera Lane,0715682601,2766439749
"Zulauf, Gibson and Donnelly",9108 Atwood Road,872 Shasta Place,8784669527,6899306441
"Cruickshank, Powlowski and Kunde",3032 Messerschmidt Drive,74 Heffernan Trail,4428041888,5544196435
Ward Group,83 Barnett Drive,2580 Anzinger Lane,9848450319,9177001168
Huels Group,7740 Bunting Pass,2054 Evergreen Place,6676083914,5068042099
"Mayert, Rice and Kling",481 Basil Drive,0 Golden Leaf Hill,5505023053,7410608706
Dibbert and Sons,217 Sachtjen Trail,29 Twin Pines Park,4945727104,6577683816
Raynor-Nienow,964 Lerdahl Point,437 Cascade Circle,7405804691,3789227307
"Kunde, Gerlach and Morissette",27172 Melvin Junction,2 Debra Plaza,4764768682,4683589303
Greenholt-Pouros,0 Barnett Plaza,886 Buena Vista Terrace,9162523481,2312583232
Barrows-Bruen,016 Hooker Crossing,81 Darwin Road,8001389553,2313381749
"Lebsack, Miller and McCullough",3698 Becker Parkway,74 Anthes Road,9581570551,5767487898
"West, Schuster and King",561 Milwaukee Avenue,03 Susan Plaza,1891062093,3859322753
Considine Group,78 Oxford Terrace,14 Prentice Junction,2771303418,2761850297
Shields Inc,3083 Center Road,5658 Bluejay Way,6160186299,4155394308
"Leuschke, Kertzmann and Champlin",2 Nevada Center,9 Russell Pass,3500266517,6744646966
Wiegand Inc,66 Erie Trail,1 Kim Court,0063764733,9665796992
"Boehm, Mayer and Zboncak",7 Corry Center,10995 Claremont Crossing,7813840879,4993945396
Hagenes and Sons,132 Brown Road,74 Esker Road,4128722081,4751301101
Haag-Kutch,7544 Commercial Alley,180 Orin Center,4247158376,1411665201
"Satterfield, Bayer and Borer",573 Morning Place,43 Briar Crest Drive,0156005417,2078169099
"Johnson, Quitzon and MacGyver",6 Rowland Court,347 Rigney Avenue,2974987486,9590004342
Berge-Schoen,1 Sheridan Street,18 Graceland Hill,6727634521,2031814044
Boehm-VonRueden,69 Melvin Way,523 Garrison Pass,5825228764,0204689996
Koelpin-Ziemann,4820 Buell Pass,5 Daystar Point,3217744144,8158542220
Runolfsson and Sons,0085 Paget Pass,5 Longview Junction,6072310362,9832223482
Bogisich-Monahan,76580 Washington Center,850 Alpine Court,9619078691,8080356297
"VonRueden, Mann and Kohler",9659 Oak Valley Way,62079 Corscot Trail,5343293123,2396740199
Bogan-Muller,877 Summit Trail,37121 Reindahl Way,2316654428,5096260577
Kuhn Inc,034 Loeprich Street,88 Mariners Cove Place,8225114515,4356111605
Schmidt-Jones,9968 Mcbride Park,24 Kingsford Alley,4194894677,0799589756
Schiller Group,01152 Waubesa Junction,079 Londonderry Circle,7259495928,5968452706
Hahn-Ondricka,980 Corscot Terrace,7272 Springview Crossing,8830446475,6770219603
"Kutch, Miller and Hagenes",1 Lunder Parkway,78 Mifflin Center,5006135808,5220363719
"Rohan, Kuhn and Lang",5 Ronald Regan Alley,4798 Elgar Junction,9136700754,2613739657
Huel LLC,14415 Rockefeller Way,92799 Delladonna Point,3563163510,1133510345
"Moore, Raynor and Corkery",5219 Weeping Birch Drive,3 Dottie Circle,4450635892,0754368939
"Kohler, Bruen and Pfeffer",8 Farmco Park,3767 Hauk Alley,7908876277,7237761056
Klocko-Hermiston,10870 Mitchell Avenue,6 Hooker Point,8031878145,8393936586
"Kessler, Beatty and Buckridge",6732 Oakridge Pass,1299 Drewry Crossing,6590002967,9045742047
Welch-Kertzmann,27 Anniversary Way,89873 Amoth Court,3950575952,5389276051
Bednar Group,695 Nelson Circle,5 Vahlen Parkway,4245047755,6323582481
Herman-Bogan,63318 Daystar Street,215 Tomscot Trail,3924220751,6123738453
Swaniawski Group,40144 Milwaukee Circle,5570 Paget Terrace,8527510189,4342420171
"Hodkiewicz, Parisian and Wehner",106 Lerdahl Pass,5358 Continental Center,9035193717,6741144544
Conn and Sons,967 Mallory Park,390 Milwaukee Point,7184749936,5501237334
"Trantow, Brown and Cruickshank",708 Jay Drive,64308 Village Green Crossing,1817699881,8185166153
Monahan-O'Kon,64 Fuller Drive,9185 Thompson Junction,6320435461,7097045094
Rempel-Ledner,36380 Mcguire Court,2836 Kings Court,8749009397,4261453584
Gibson and Sons,7 Northview Park,813 Brentwood Place,1155134001,4872482174
Swaniawski LLC,72025 Washington Trail,6 Sachs Circle,3625496577,4965228154
"Bednar, Pfeffer and Jast",96 Clarendon Street,8355 Park Meadow Way,8523427732,2100992503
MacGyver-Yundt,6 South Park,6726 Westport Way,4298929825,0461565153
"McClure, Reichel and Morar",045 Del Sol Point,092 Spenser Court,3571470494,5286681794
Walsh Inc,3873 Waxwing Center,1 Independence Lane,7757108322,8454610774
Lockman-Hyatt,80 Ohio Crossing,2 Chive Alley,0555349829,2376965926
"Kuhn, Harris and Mueller",6799 Merchant Junction,5567 Moulton Lane,0213487748,5548692909
Kovacek Group,3140 Bay Center,7 Nevada Court,5443288423,4675212085
Davis Inc,921 Transport Court,6417 Emmet Street,5145419015,1247593657
Grady LLC,5 Debra Way,1871 Center Alley,0573310459,8821953173
Rippin-Mills,22 Lien Plaza,0 Pleasure Avenue,6118029946,2651366250
Dickinson-Bartell,84 Melody Hill,19 Fieldstone Court,0748103856,2576206581
Heathcote and Sons,039 Emmet Circle,9 Oneill Place,6121850817,3100153359
Schuster LLC,0464 Fair Oaks Court,93 Springview Parkway,6493575370,4370537614
Fisher-Ankunding,172 Magdeline Plaza,4278 Holy Cross Road,6838439778,7733469864
"Schinner, Nitzsche and Lind",5645 Judy Trail,9 Little Fleur Drive,9604962531,3695641835
Schmeler-Goyette,76476 Dakota Center,0 Eggendart Center,4612953177,3085518908
Johnson Group,2 Bunting Center,44567 Crest Line Pass,0565850342,5059471195
Kuphal and Sons,4322 Kings Terrace,5174 Hallows Center,0358097665,8542917170
Abbott-Moen,1 Algoma Point,84 Logan Park,5333404895,6331977856
White and Sons,7 Autumn Leaf Road,4000 Sunbrook Road,1416463364,8658522334
Hegmann and Sons,83349 Fulton Pass,7072 Mcguire Street,2290707112,7486498243
Reinger LLC,363 Cherokee Drive,3055 Ronald Regan Pass,4979116361,2836422416
Balistreri LLC,4134 Stone Corner Parkway,81 Kingsford Street,4598968095,5412960588
Jenkins Inc,668 Gina Court,8082 Rusk Way,5051995217,2285566778
"O'Kon, Haag and Weimann",97 Lien Center,2 Ronald Regan Trail,9233546543,0339104627
Ebert Group,4661 Derek Park,74 Donald Junction,2368611908,3863820428
Ruecker-Crooks,0766 Huxley Center,43525 Spenser Drive,6281285905,4447876124
O'Reilly and Sons,69 American Ash Park,8 Longview Street,8634378365,4189946079
Feeney-Reinger,0738 Prairieview Trail,96 Summerview Trail,4409452398,1966388705
Olson Group,9526 Lotheville Avenue,13 Clemons Junction,9616360558,9766565848
Runolfsson Group,14 Hermina Circle,39084 Jana Drive,7708279941,1813878544
Ortiz Inc,49 Thackeray Avenue,94954 Canary Place,0526481846,6279915859
Cummings-Erdman,0 Pawling Circle,749 Hallows Pass,3646438657,1252485263
"Steuber, Heathcote and Swaniawski",89 Truax Avenue,56 Grayhawk Point,6568476463,1650048203
Treutel-Pfeffer,4093 Bashford Avenue,4830 Montana Center,7633957433,3553621672
"Waelchi, Zemlak and Collins",660 1st Trail,58 Lien Park,7335499577,8797813087
Heidenreich-Hills,5 Lerdahl Court,11013 Express Alley,6315830188,0380883554
West-Hagenes,2057 Oak Way,716 Almo Park,1980758565,0936950609
Halvorson-Murphy,823 Green Ridge Hill,24 Monument Parkway,2811541551,5685107420
"Fay, Berge and Crona",020 Novick Junction,8 Dryden Trail,7044292488,9034249670
Batz-Hirthe,9193 Sommers Terrace,8 Kropf Park,2653399687,2336755920
DuBuque-Gerlach,733 Hollow Ridge Parkway,70982 Ludington Terrace,9268349388,2648565906
Batz Inc,0 Orin Junction,6707 David Court,9125132989,1183520778
Kirlin-Schaefer,0 Gateway Center,951 Mockingbird Pass,1371994226,9438229043
"Trantow, Hamill and Kassulke",3429 Di Loreto Plaza,65 Claremont Point,5891201232,6615108135
"King, Zboncak and Satterfield",0087 Corben Trail,5 Prairieview Avenue,7920442710,7224793760
Purdy-Strosin,1553 Portage Terrace,590 Cody Place,1393230431,7512730993
Considine Group,498 Moulton Avenue,14645 Prairie Rose Crossing,7853798377,4368628594
Nikolaus LLC,347 Memorial Trail,56 Warrior Park,2560070332,7570406656
Hamill LLC,12 Montana Plaza,4 Dottie Circle,2519619430,9007402358
Hahn and Sons,25 Hansons Trail,03 Northport Court,0517743639,6520622966
"Ziemann, Hackett and Crona",86071 Morrow Lane,1 Bunker Hill Place,1790302064,5379330789
Walker-Boehm,23 Holmberg Crossing,9 Marcy Crossing,7421990356,9227963286
Schoen Group,062 Shelley Point,70974 Fairview Court,7708343615,7712296197
Corkery LLC,1329 Oxford Way,13 Helena Circle,6450568151,5719489541
Conroy-Gleichner,228 Harper Avenue,8770 Eagle Crest Parkway,6265623885,8347379548
Runolfsson and Sons,9497 Oriole Court,52 Kingsford Street,9147855703,3104101752
Nikolaus-Hauck,39382 Nancy Parkway,1595 Cordelia Alley,4210979554,4513320052
"Heller, O'Keefe and Wuckert",30 Shasta Crossing,9340 Kedzie Court,1242920056,7718505073
Oberbrunner-Welch,495 Eggendart Plaza,5 Jackson Drive,1694803872,4098201984
"Jacobi, Heller and Kihn",251 Messerschmidt Alley,14192 Saint Paul Avenue,0028387147,5518115121
Gleichner and Sons,168 Clove Circle,3862 Delaware Plaza,8781713126,9146412468
Treutel-Kshlerin,2 Helena Court,81424 Basil Point,6095069351,1411269756
Haag LLC,0 Ilene Trail,22 Westend Way,9763656338,9254951234
"Denesik, Kris and Lubowitz",5622 Buell Plaza,27 Union Way,9302069494,6295155677
Wunsch-Gerhold,86 Tennyson Drive,689 Warrior Parkway,8748012270,3360854799
Maggio Group,523 Namekagon Place,22380 Shopko Trail,0751595020,3761789726
Schiller and Sons,0840 Browning Trail,21351 Kim Alley,3166293698,7065477924
"Armstrong, Reichert and McLaughlin",757 Melvin Plaza,74966 Cambridge Center,1900638703,4715420082
Kutch Group,3 Holmberg Court,7 John Wall Terrace,2409048064,0767783506
"Hartmann, Schmidt and Blanda",82 La Follette Alley,268 Annamark Circle,0332401278,6725378196
"Hessel, Breitenberg and Rutherford",563 Gina Lane,74790 Duke Terrace,4331050211,3148745558
"Becker, King and Franecki",655 Onsgard Junction,44857 Main Way,7435229318,5768202706
MacGyver and Sons,01 Nelson Hill,56531 Pankratz Drive,1961226790,4369973465
Shields-Ward,53 John Wall Terrace,818 Pierstorff Drive,0553169149,7681544844
Batz-Walker,1 Florence Circle,7281 Sugar Alley,8649050123,4006447558
D'Amore-Hermiston,4050 Chive Road,27374 Lindbergh Street,1978029772,4071243929
Zboncak Group,8060 Mosinee Pass,34713 Kensington Hill,3203889641,3434316388
Hand-Ondricka,377 Heath Center,02 Menomonie Terrace,7261035939,0494883561
"Beatty, Mohr and Okuneva",9 Donald Pass,074 Oakridge Hill,2933921316,7186962513
Kutch and Sons,28593 Oak Parkway,91884 Hanson Hill,1196755361,8931224710
"Kunze, Luettgen and Schowalter",3 Gerald Parkway,8 Saint Paul Lane,9583534153,2997147034
Schultz-Hodkiewicz,3350 Helena Crossing,53 Caliangt Road,9535183419,4813191959
Prohaska and Sons,2 Tennessee Avenue,97710 Annamark Lane,6128325572,6527772149
"O'Conner, Bashirian and Kiehn",3825 Donald Court,144 Barby Trail,1773763121,4959254971
Howe-Crist,42 Kinsman Pass,18484 Fulton Drive,1554929830,7424666983
Bergnaum Group,27 Gale Place,0550 Service Court,5844162803,7623670905
Blanda and Sons,0901 Badeau Hill,76 Holmberg Parkway,7355729322,6379820973
"Barrows, Cassin and Zemlak",63112 Helena Crossing,5171 Dapin Parkway,5413726805,8515332663
Lowe-Hayes,36633 Almo Drive,5676 Sutteridge Court,5306534384,0884471233
Blanda and Sons,0 Fuller Way,80 Oakridge Center,1799098869,0390156523
O'Connell-Bergnaum,22177 Bobwhite Drive,8 Bobwhite Crossing,9924762088,2286078912
"Schamberger, Macejkovic and Nicolas",6663 High Crossing Crossing,0 Gale Street,7456218315,2101581035
Boyer and Sons,32 Stang Place,5315 Anhalt Place,8255324437,0158029445
Douglas-Klein,3 Twin Pines Parkway,6 Portage Park,2356574735,5722693804
"Batz, Keebler and Lowe",61 Forest Run Terrace,39166 Waubesa Lane,7565633658,2574369556
Stark and Sons,82575 Dapin Road,93073 Larry Park,4261240610,6333987271
Emmerich and Sons,92 Waywood Way,9599 Bunker Hill Circle,3604178436,8296389533
Connelly LLC,49 Clemons Plaza,7124 Cottonwood Alley,2002641870,6967937685
Gerhold LLC,052 East Court,77 Linden Trail,7011185852,7763698144
Ortiz-Grady,7523 Basil Terrace,70 Manley Hill,2577675526,8156853466
Armstrong Inc,03 Lotheville Parkway,3 Katie Center,1724633015,6033668804
Jacobs-Runte,5089 Ludington Drive,3 Reindahl Lane,0918782163,6739627142
Wisoky-Bednar,35 Stang Trail,6257 5th Road,1877616761,7050379360
Jast-Hane,95073 Monument Lane,14978 Michigan Parkway,8657814110,8111826591
Runte Inc,2352 Kedzie Trail,22 Dexter Drive,6390048122,9561511525
Marquardt Group,3 Westerfield Plaza,89609 Canary Lane,9301104490,7372094186
Gibson-Gislason,37 Duke Lane,3 Tony Terrace,7085819111,1412676681
Kilback-Koelpin,5 Algoma Alley,08 Di Loreto Alley,1503674320,9581834451
Emard-Sanford,1674 Larry Terrace,59 Oxford Circle,4352782629,7786585265
Carter-Heathcote,45820 Tomscot Plaza,5226 Rowland Avenue,1072605368,7823517213
Abbott Group,445 Erie Hill,43 Milwaukee Crossing,8647593081,9461297300
Bergnaum Group,13 La Follette Junction,6490 Haas Crossing,3617619290,4611479536
"Jerde, Erdman and Mosciski",94 Stang Point,2 Dixon Park,8372113556,5211826205
Hessel Group,82 Westridge Hill,2 Springview Park,1501876279,5932521104
"Douglas, Cummerata and Murazik",59 Old Shore Place,30729 Dwight Avenue,2075878056,5523942847
Jenkins Inc,4618 Sauthoff Avenue,7 Waywood Junction,1453143017,3342361239
"Leffler, Jenkins and Krajcik",26 Sunnyside Drive,89 Rockefeller Terrace,3511916895,6520895016
"Runolfsson, Hand and Breitenberg",7748 Moose Junction,0 Columbus Hill,6486421355,2689260123
Waelchi and Sons,187 3rd Park,82638 Gale Parkway,0173477429,2852840952
"Nikolaus, Greenholt and Beer",265 Troy Plaza,05 Florence Point,9370330364,9866813703
DuBuque-Lang,3482 Victoria Place,5262 Portage Trail,9076268169,8623109724
Rogahn-Howell,86 Schlimgen Road,799 Clemons Plaza,6855122388,0780280016
Schulist-Simonis,3 Graedel Junction,82223 Kipling Point,7915003852,5104739325
Collier Group,70042 Derek Terrace,43772 Nelson Trail,5635019994,4808347385
"Koepp, Sporer and Stokes",4459 Buhler Way,96 Gina Park,3257725841,5225012337
Yost-Mohr,16556 Westend Plaza,4867 Westend Center,5326270463,1681303558
Wolff-O'Hara,0622 Arizona Avenue,33772 Shopko Point,2703592361,1325505935
Price-Lynch,7 Roth Crossing,98 Dorton Park,3126512348,9968585963
"Langworth, Lesch and Auer",95781 Express Court,885 Cordelia Plaza,0671577417,5469792579
Bartell Group,2 Saint Paul Center,2426 Bartillon Center,5635996329,7109340546
"Hirthe, Kihn and Reichert",0295 Westridge Center,2763 Crowley Hill,9752365442,0288031555
Schultz-Kirlin,695 Basil Avenue,6256 Buell Pass,3716302163,6316508700
"VonRueden, Gleichner and Hartmann",8059 Eagan Circle,8934 Anhalt Circle,1937981827,6109411523
"Hintz, Homenick and Nikolaus",0 Fuller Lane,5 Iowa Court,3280823137,4333346002
"Kuhic, Jacobson and Hessel",470 Warrior Trail,4901 Browning Way,1317353080,4021021558
"Grant, Turner and Ferry",27051 Manley Avenue,83107 Mitchell Alley,1510970983,7234915907
"Botsford, Lowe and Gulgowski",581 High Crossing Trail,5 Declaration Circle,3883854611,5378700167
"Hills, Krajcik and Denesik",9 Southridge Lane,52 Thierer Trail,0178444871,9750926838
Pagac-Hoeger,80260 Holy Cross Terrace,5389 Meadow Valley Street,0711234981,7354358231
"Oberbrunner, Koelpin and Macejkovic",25 Towne Avenue,43 Hallows Place,3177038732,1649683030
"Glover, Jacobson and Vandervort",04131 Dorton Center,86 Mesta Avenue,5506559518,1842604503
Gleason and Sons,949 Rusk Way,15 Sunfield Point,6914591601,9082640163
Nikolaus-Dietrich,916 Del Mar Court,208 Bobwhite Point,1377062562,4835185048
Fritsch Group,1200 Tennessee Trail,92078 Acker Road,2572156741,4707406475
"Beahan, Quigley and Hilpert",35 Havey Junction,20165 Upham Circle,0530949393,1505969204
Huel Inc,00891 Texas Park,2 Clemons Pass,3644161038,2305547900
Turner Inc,8061 Kingsford Lane,9 Straubel Lane,9511073192,6019510034
Spinka-Ortiz,7 Roxbury Parkway,26019 Dixon Pass,2285327153,7850817001
Boyer LLC,818 Kim Alley,5313 Center Alley,5473914365,1227502427
Goyette and Sons,852 Pine View Parkway,89833 Bartillon Terrace,0038379279,5743705801
D'Amore and Sons,309 Dahle Park,86 Eastwood Terrace,7702991860,1030723788
Wolf Inc,27587 Barby Plaza,4460 Scoville Pass,9960961079,1577137876
Goodwin-Casper,13 Logan Plaza,4618 Anhalt Junction,9946703351,8760225408
Feeney-Lubowitz,06 Moulton Avenue,1 Paget Terrace,9773961532,0787608327
"Hoppe, Gislason and Bartoletti",740 Stone Corner Plaza,1799 Jana Plaza,1127735586,5439710027
"Maggio, Stamm and Padberg",87 Oriole Drive,54934 Hauk Way,9495410703,1468065017
Konopelski Group,42 Charing Cross Junction,2 Warner Avenue,2024292739,1310605505
Abbott Group,672 Grim Park,983 Morrow Parkway,2854866002,2260578055
Lemke LLC,689 Arkansas Junction,42344 Mendota Way,9162164546,4916153979
Lowe Inc,1 Ridge Oak Circle,69 Shasta Hill,8371363184,3473735914
"Bartoletti, Botsford and Ebert",3 Northwestern Court,67 Anzinger Hill,9917788735,3391282290
Reilly-Gutkowski,6 Washington Terrace,04381 Coleman Road,4197380623,1864624434
Miller Group,8 Havey Junction,898 Di Loreto Parkway,9443501384,1916751415
Franecki Group,6 Southridge Circle,74 Evergreen Parkway,5481391600,2594438995
"Collier, O'Reilly and Pagac",92 Victoria Center,38 Blaine Center,6845565910,7770701163
"Blick, Turner and Pagac",81504 Mallard Lane,630 Katie Hill,2834458928,7099904469
Rogahn-Huel,05417 Talisman Junction,733 Superior Park,1337580384,8222466453
"Champlin, Lesch and Gulgowski",2335 Kropf Plaza,8 Norway Maple Road,5655753375,6217032961
Stark LLC,674 Paget Circle,9 Village Green Hill,1242887288,6468025168
Flatley-Senger,719 Bonner Way,7178 Northport Point,0069951764,3193882054
Weissnat Inc,296 Park Meadow Plaza,3175 Sundown Circle,9409704960,1604227559
"Stehr, Wiza and Lueilwitz",1125 Quincy Point,03 Messerschmidt Lane,9259378745,0609278126
Ruecker-Mayert,00982 Kennedy Terrace,9016 Chinook Terrace,9658121691,3046537034
Casper LLC,7670 Fordem Circle,97 Annamark Alley,6999278911,9544940251
"Schneider, Senger and Beatty",32 Vahlen Hill,56 Warrior Trail,8805408689,8969337938
Crooks Inc,257 Heath Terrace,0 Donald Road,5164663430,1673621449
Stark-Bruen,95098 Crownhardt Drive,51 Derek Lane,5459969123,7523416225
"Torp, Hills and Runolfsdottir",63627 Graceland Circle,15846 Ryan Circle,2540768857,8931173903
Stanton-Haley,098 Stoughton Lane,67 Nova Alley,8921928359,8069147954
Stanton-Williamson,10 Sunnyside Drive,9267 Corscot Center,6989457929,6712169097
"Mitchell, Ziemann and Padberg",2 Grasskamp Circle,7 Sachs Trail,8866011622,2141610982
Blick-Wunsch,4 Center Trail,255 Shasta Pass,8509264139,7351985065
Gislason LLC,6650 Sloan Alley,5 Caliangt Street,1736986767,6994618536
Huel Inc,0 Weeping Birch Place,88664 Anthes Lane,7205162874,1539490394
Wiegand-Stanton,0202 Anderson Lane,79182 5th Terrace,8647355482,6950131283
Gislason Group,10120 Hazelcrest Pass,1822 Cody Circle,6533604937,4753451941
"King, Hoppe and Watsica",6 Goodland Road,44994 Moland Alley,8540219441,4525571969
Stanton-Stamm,82394 Sherman Pass,549 Mockingbird Road,3091275450,8795623132
Friesen-Bartoletti,48038 Morningstar Point,8 Aberg Alley,7505337246,3580074792
Johns-Welch,588 Canary Alley,33992 Dapin Point,6272588216,5893386159
Marks-Gleason,81 Talisman Parkway,6030 Thackeray Pass,4288483654,7852050808
Von LLC,861 Artisan Alley,0887 Carioca Lane,7473196561,4617585001
Kihn Group,25413 Shopko Place,1388 Butterfield Parkway,1200348664,5849202528
"Mann, Morar and Bernhard",52 Farwell Court,935 Russell Plaza,7926308501,2524480208
Gibson and Sons,9042 Welch Junction,6 Homewood Place,3815662761,3399424000
Steuber and Sons,11 Leroy Way,92354 Merchant Circle,1117728927,0010144498
Cassin Group,90 Mcbride Circle,6 Butternut Pass,3666543243,7718840379
Gusikowski Inc,5 Tomscot Center,43 Brentwood Circle,7693510265,7354002100
"Denesik, Lockman and Cummings",33 Oakridge Hill,748 Bellgrove Pass,6592165588,1143234359
"Schaden, Robel and King",2457 Barnett Pass,78 Jackson Parkway,2353157947,4648728815
Schaden-Barton,55760 Center Crossing,5 Linden Pass,2005260231,6233285305
"Hyatt, Hoppe and Raynor",73 Manitowish Street,7 Pepper Wood Circle,0607288418,9749160088
O'Connell LLC,70 Mendota Parkway,70 Leroy Street,0639120695,9782284645
"Lowe, Casper and Lang",1907 Sycamore Crossing,77 Jana Center,2712087100,1772943118
Schuppe-McLaughlin,5 Paget Center,0 Clarendon Street,2925755984,7044615031
"Bartell, Upton and Beatty",6420 Drewry Street,6177 Merrick Street,3209882762,6698611166
Stroman and Sons,9314 Karstens Avenue,3 Bay Pass,2079513303,0185639550
Leannon and Sons,5910 Spaight Center,2 Barby Road,1095772007,7614607031
Rogahn-Conn,76843 Paget Terrace,16 Trailsway Junction,1208053965,3976049026
Funk Group,64380 Merchant Hill,8 Homewood Point,8809354621,7257499217
"Mills, Lockman and Weimann",7574 Loftsgordon Road,02 Grim Plaza,2258719526,6055854619
"Jacobs, Bartell and Stanton",4 Westend Hill,91 Drewry Parkway,0925272736,0190393440
Ferry Inc,338 Steensland Way,8 Forest Place,8366277534,4846454991
Terry Inc,8151 Fair Oaks Pass,8449 Hintze Way,9433114973,0092422659
"Barton, Schmidt and Okuneva",739 Iowa Crossing,4290 Maple Wood Court,2958276465,3152048203
Kub-Graham,29215 Di Loreto Junction,5586 Lukken Street,2105074804,6958922832
Runte-Weimann,39 Lakewood Gardens Terrace,11348 Hoard Parkway,4936508411,9607577825
"Schneider, Cartwright and Vandervort",725 Walton Trail,2827 Moose Trail,7521208765,4249231097
"Carroll, Kertzmann and Block",1840 Hoffman Road,16756 Melby Court,1338252526,2246667437
McDermott-Mosciski,56778 Barby Trail,6466 Calypso Circle,5031310561,0823308375
"Walter, Von and Simonis",96906 Dwight Parkway,6621 Farmco Crossing,8540892634,6085568991
"Boyle, Ledner and Fay",886 Killdeer Trail,06 Trailsway Pass,7390091274,3004759276
Parisian-Will,4772 Veith Lane,2 Killdeer Pass,4101094950,6711521684
Crooks LLC,53229 Brentwood Terrace,324 Old Shore Park,8749511211,6631577098
Littel LLC,33 Southridge Center,86159 Warrior Parkway,1443594830,4815157146
"Raynor, Abbott and Mosciski",1405 Troy Pass,6692 Charing Cross Trail,3006644182,4324494835
Marvin and Sons,971 Dennis Court,8 Shasta Lane,1899972382,2912507537
Breitenberg Inc,4 Spenser Road,63 Lakewood Gardens Road,0354038206,7944076366
Kshlerin-Ruecker,7181 Merry Place,1 Donald Pass,6117720696,5841318411
MacGyver-Vandervort,9331 Hudson Avenue,0 Mendota Crossing,2032517329,0604182546
Rodriguez Group,67 Northwestern Trail,75 Morrow Trail,9565202195,1529600804
Kemmer Group,46 Bellgrove Place,1 Cottonwood Pass,3137016223,9402098224
"Schmidt, Langosh and Schmidt",43625 Bluejay Crossing,98 Buena Vista Alley,5615237120,0100497500
"Larson, Blanda and Tillman",10 Shasta Alley,993 Tony Junction,7698788946,7481363056
Swaniawski Group,866 Glendale Court,1 Morning Center,2608384919,8422297183
Ritchie Group,5 Melby Crossing,2898 Darwin Trail,5541858178,4945100616
"Jenkins, MacGyver and Sauer",0415 Sage Place,5323 Caliangt Court,5894534445,0485430401
Lehner Group,38 Straubel Crossing,687 Armistice Point,1126262552,3193837229
Spencer LLC,5 Continental Junction,3 Comanche Junction,8774990403,5711758969
"Schuster, Jacobi and Douglas",208 Service Road,36 Anhalt Court,0972149244,3721694562
Gottlieb and Sons,860 Upham Circle,56 Evergreen Avenue,2854661672,9085900859
Mohr and Sons,0 Magdeline Center,80 Chive Way,2398324087,2113000261
Terry-Hyatt,06402 Heffernan Place,1433 Jana Terrace,6392103600,1377454193
Johnson Group,241 Crowley Junction,4 Petterle Crossing,9667581772,6381507829
Bernier-Prosacco,695 Rusk Trail,39 Memorial Point,7243499163,3045821987
Kuhic Inc,66 American Ash Trail,27 Anzinger Alley,1938204182,8999817660
"Aufderhar, Medhurst and Tromp",96 Almo Park,81 Elmside Parkway,9028121161,5430704571
Kunze-Raynor,41905 Northfield Parkway,49 Kensington Center,4580956850,8075214692
Mills-Heller,3316 Blaine Street,70469 Nevada Plaza,1640391088,6436654755
Davis-McCullough,76103 Buell Junction,39921 Corscot Lane,5887743964,9498414939
Bogan Inc,390 Knutson Parkway,56 Oak Valley Point,2752011512,4841402756
"McKenzie, Weissnat and Nolan",2 Buena Vista Avenue,59 Summer Ridge Place,7534450942,6945907171
"Turner, Rath and Kassulke",19 Helena Park,6 Valley Edge Trail,4688902441,6323997339
"Stehr, Quigley and Johns",858 Elmside Trail,14 Loftsgordon Pass,5586260611,3213510963
Leannon-Runolfsson,374 Gateway Parkway,4 Russell Hill,5583323175,3400558389
"Schamberger, Beer and Blanda",3131 3rd Park,385 Brickson Park Court,3512131786,9367738676
Conn and Sons,92 Pawling Crossing,58 Browning Court,3905017660,5157937288
Bosco Inc,0712 Stang Terrace,8 Leroy Junction,1143155807,9009571734
"Steuber, Johnston and Torphy",72 Sunbrook Center,35 Sunbrook Circle,3216034186,1742050816
O'Connell Inc,309 Marcy Center,89324 Dottie Alley,5777867154,4797103140
Feil Inc,97 Forest Run Pass,280 Darwin Place,5912240444,5145338899
Leuschke-Beer,1085 Kedzie Plaza,51695 Washington Road,4448551814,3328055010
"Breitenberg, Hammes and Johnston",15 Hovde Avenue,52555 North Parkway,9520077553,2287773479
Nicolas and Sons,8 Menomonie Road,186 Blue Bill Park Drive,8016531717,7640465389
Mraz Group,658 Nancy Crossing,85844 Hayes Trail,3748983654,1528447131
"Hamill, Keeling and Koss",9055 Banding Road,01 Stuart Lane,2712267168,8584115463
Wolff LLC,95782 Fulton Avenue,90 West Court,8320973155,2784874362
Braun-Kassulke,80 Monument Terrace,20628 Lindbergh Drive,1184821909,4874411460
Stamm and Sons,57445 Myrtle Avenue,40576 Oneill Way,8835472229,2006755692
Bailey-Upton,1 Valley Edge Way,34329 Columbus Parkway,4298795926,6226697512
Nienow-Doyle,684 Reindahl Way,337 Lien Alley,0673186962,8466360972
"Terry, Gleichner and Ledner",23886 Packers Circle,238 Johnson Street,0783689136,8562417696
Kertzmann-Ernser,12127 Green Drive,89 West Center,9714843065,8681964984
"O'Kon, Wehner and Stamm",9 Lotheville Circle,46 Sheridan Place,5908490644,7030609123
Armstrong-Stroman,39 North Trail,4402 Elka Park,1636711537,8173781869
Denesik-Altenwerth,04 Coolidge Court,3 Sloan Point,9181344015,4747502432
"Aufderhar, Strosin and Rau",569 Eastlawn Circle,1 Prairieview Park,2029947504,0740252550
Haley and Sons,8 Packers Court,154 Daystar Circle,1357895402,9709017306
Kutch LLC,9522 Fuller Center,81 Mosinee Lane,2410142613,7484714488
Terry-Becker,7 Russell Road,4 Florence Avenue,6940819126,9145286051
Erdman LLC,903 Weeping Birch Junction,572 Garrison Lane,8550949329,7449133415
Simonis-Kohler,32 Vernon Alley,41 Sunnyside Way,2503288138,0445579919
Hirthe and Sons,38792 Brown Place,3 Sugar Drive,8736558281,0283256346
Kihn-Yost,13 Utah Way,1866 Arizona Hill,3996791194,5315466175
Franecki-Hyatt,10 Lyons Plaza,8 Elmside Parkway,9402294333,1522584161
"Brekke, Miller and Huel",7 La Follette Lane,2 Katie Center,6650246131,8208327018
Hermiston LLC,831 Tony Place,30914 Melody Way,1488293384,7569094824
Jakubowski and Sons,37 Talisman Junction,5165 Johnson Point,9305731252,3124456300
O'Conner Group,1 Cambridge Junction,0 Nelson Alley,6076200731,2207528898
Torphy Inc,130 Eggendart Avenue,35364 Sunfield Junction,7249087363,7663541189
Zieme-Osinski,88727 Paget Plaza,61478 Jenifer Lane,8757198578,9427119217
Schmidt Group,81663 Helena Court,4 Nevada Terrace,1457381958,7781616421
Steuber LLC,41 Magdeline Place,877 Sheridan Pass,8186452109,6822497242
Ankunding-Mertz,5890 Buell Road,8479 Eliot Avenue,2057255786,2371641227
"Kunze, Quigley and Swift",9 Southridge Street,955 Emmet Alley,5377585437,9641768859
"Pouros, Cole and Fisher",7 Susan Hill,29359 Swallow Avenue,2723448150,3866178964
Bartell LLC,481 Manley Junction,3 Forster Plaza,4901998196,9013907377
Raynor Inc,97 Derek Lane,6 Division Point,9295408691,2498525521
Hauck-Blanda,0034 Becker Circle,93 Old Shore Point,2956867490,4840585784
Kris Inc,18363 Fulton Center,3887 Knutson Center,7741181726,1946219266
O'Conner Group,6 Meadow Valley Alley,08026 Cascade Street,8471944235,7147693817
Gleason and Sons,69 Esch Place,26 Nevada Alley,3701971145,0931337313
Doyle-Koepp,27 Lakeland Place,511 Michigan Crossing,8386373644,5038598099
"Borer, Nicolas and Aufderhar",149 Miller Junction,865 Rockefeller Park,0392664747,5744398082
Herzog Inc,5611 Colorado Road,2 Stang Park,2732543721,6095988098
Kessler Group,29857 Prairie Rose Junction,6368 Ridgeway Avenue,1704647037,9444014096
Windler-Renner,926 Nelson Pass,17368 Saint Paul Way,0932495702,8542333500
"Mraz, McLaughlin and Marvin",4125 Tomscot Place,0 Vera Parkway,3915677728,1873820062
Emard-Jacobs,59078 4th Drive,83057 Dottie Point,0057621713,9977292183
O'Connell-Osinski,09614 Dahle Point,3856 Anniversary Crossing,1249642019,9976432380
"Will, Kuphal and Auer",5360 Morrow Court,14793 Mallard Point,2335163906,1194208193
Larson-Treutel,89 Mcbride Crossing,901 Orin Pass,3404939506,4839263833
Douglas LLC,43 Tony Street,4 Randy Court,4439636888,2972565029
Tromp-Carroll,0 Melrose Hill,63628 Jenifer Park,9903709218,1327502380
Baumbach-Herzog,9 Glacier Hill Plaza,273 Monica Plaza,4322212549,6230276410
Watsica Inc,75 Debra Alley,82890 Glacier Hill Trail,8440937091,1034852620
Flatley and Sons,3 Dahle Court,1608 Hagan Hill,5909130692,3686498359
"Gibson, Koch and Reichel",08 Jackson Park,8235 Ramsey Terrace,9148791520,9378159257
"Turner, Dare and Fahey",69 Fuller Junction,20488 Riverside Trail,3334093026,0799937959
"Hauck, Stoltenberg and Carter",4197 Nelson Place,0677 Butterfield Trail,3519711184,0991630823
Thompson and Sons,05 Village Park,274 Dahle Road,5259233697,2184706256
McDermott Group,974 Park Meadow Parkway,02632 Moose Court,8316347563,9675966505
Emmerich-Spinka,35 Beilfuss Drive,81088 Hazelcrest Point,0871268779,4115870184
"Dooley, Mann and Jacobi",53 Straubel Trail,89747 Memorial Street,1587239132,8174847561
Gutmann-Durgan,476 Garrison Junction,2 Eliot Trail,1951309774,4151854894
"Harber, Gutmann and Dare",48 Schmedeman Parkway,48 Helena Center,7357243001,8483276682
"O'Keefe, Hilpert and Mertz",7 Victoria Terrace,435 Moulton Center,4107094545,7873711404
"Hudson, Schaefer and Marks",47376 Dorton Trail,8898 Graedel Parkway,9331598092,8287971179
Johns and Sons,39688 Magdeline Place,7646 Northview Street,3183061732,3782363116
Johnston Group,559 Delaware Alley,03 Debra Drive,7454146732,6374039769
Hoppe-Wyman,1 Burning Wood Point,55701 Fordem Hill,4825091423,4512283544
Larkin Group,035 Anthes Way,2700 Buena Vista Center,5772717154,0565598414
Thompson LLC,4918 Hauk Lane,902 Arkansas Street,6008342399,6360463377
Schinner Group,6363 Schurz Terrace,148 Victoria Court,8197936994,5945052515
"Kulas, Breitenberg and Herzog",01984 Michigan Road,4 Superior Crossing,1630172901,1909279862
Collins Group,5 Nova Pass,52 Superior Road,4386795286,9505585543
Bartoletti-O'Keefe,0 Superior Avenue,744 Kim Hill,5107397093,9707443979
Marquardt and Sons,198 Graceland Hill,6004 Warner Terrace,5136987405,6528165483
Bartell Inc,3340 Forest Run Pass,119 Sloan Park,8367121457,6612231610
Dickinson LLC,773 5th Park,0557 Schmedeman Terrace,4592144295,6760731425
Monahan-Hills,843 Birchwood Road,23976 Colorado Alley,1906776318,0665677073
Block-Kertzmann,41785 Graedel Drive,665 Paget Court,2862136328,1517005140
"Wiza, Leuschke and Hagenes",4839 Oakridge Plaza,05823 Oxford Terrace,2855357969,1015781802
Friesen LLC,6885 Buhler Lane,70 Shasta Plaza,5024454421,4797517697
Smith Inc,35 Sutherland Drive,1 Village Green Crossing,7389215097,4138073477
Smitham-Wolff,3146 Tennyson Alley,0576 Lillian Drive,9158131175,6227337056
Terry-DuBuque,9 Monterey Place,4 Lawn Junction,2022790421,8578391756
Green LLC,707 Washington Center,77 Talmadge Court,2187402975,0384890377
Treutel-Jacobson,3 Northwestern Park,759 Redwing Trail,1877563226,8488787383
Rath Inc,86850 Continental Lane,96 Transport Trail,1855644304,2752980892
Bayer Group,0173 Ryan Court,9 Old Gate Trail,8010628166,7247800321
Von Inc,799 Arrowood Pass,30 Manufacturers Lane,1279647442,1517303427
Dare and Sons,2 Badeau Avenue,661 Prairieview Parkway,0655610863,4526117684
Romaguera LLC,5698 Darwin Pass,9190 Judy Center,4018032609,0354985450
McGlynn-Johnson,83535 Vera Parkway,227 Laurel Hill,8556698107,4449077822
McGlynn and Sons,7476 Northwestern Avenue,30452 South Terrace,3114562027,8299009014
Kuhn-Hettinger,485 Bonner Pass,081 Schlimgen Crossing,6070374568,4940766330
"O'Keefe, Price and Homenick",3696 Artisan Junction,40063 Glacier Hill Road,7621451041,7010227411
Emard LLC,8 Farmco Crossing,22 Hagan Terrace,1169978916,2442672847
Zulauf-Jakubowski,5871 Gina Circle,0066 Scoville Trail,5778773307,1771836431
Langworth-Wiegand,081 Summerview Way,41 Delaware Parkway,9611863365,4845652625
Abernathy Group,2 Lien Parkway,47 Fair Oaks Way,3911319762,8735210435
Zemlak and Sons,9 Susan Circle,09588 Warrior Lane,6060958532,0940805111
Lakin-Stroman,76203 Corben Lane,46494 Oak Hill,1931176213,9819386950
Koepp-Schaden,23 Straubel Place,73 Fisk Lane,0141170360,7790334786
Wolf-Rath,605 Grasskamp Street,765 John Wall Pass,8679280704,1516551834
Wuckert-Lind,4466 Park Meadow Parkway,9 Vermont Trail,6535689832,9633642507
Powlowski LLC,2104 Valley Edge Terrace,54270 Hoard Parkway,1926942957,7939313355
O'Hara and Sons,839 Bay Center,04 Hansons Point,2284497543,9214036330
"Hodkiewicz, Jast and Reichel",28 Clyde Gallagher Circle,0 Annamark Crossing,0912050926,5793453954
"Hayes, McCullough and Okuneva",70 Debs Place,44604 Moose Point,0007506619,1651060673
"Feest, Crist and Conn",1105 Scofield Avenue,275 Barnett Drive,1352790033,9660748450
Corwin and Sons,87 Stoughton Crossing,30 Katie Center,3292614937,1495698114
"Renner, Schuster and Toy",394 Vermont Plaza,2 Moulton Drive,9372289582,4900348007
"Trantow, Kertzmann and Halvorson",182 Debs Center,25 Donald Hill,9715162207,6168167102
"Beahan, Hackett and Johnston",4 Anthes Point,2 Cordelia Street,8577086283,3804022502
Lueilwitz LLC,5 Pankratz Alley,7397 Fair Oaks Junction,1247556816,1112169377
Reinger Group,0456 Oak Alley,7 Gerald Court,9960964515,6827666646
Huel-Morissette,79 Butterfield Point,94429 Chinook Avenue,9554183070,2203805056
Hoeger-Tillman,791 Heffernan Park,776 Forest Dale Park,8616934014,7558086019
"O'Connell, Barton and Durgan",45 Larry Pass,648 Clarendon Pass,8288924018,4444655259
Hettinger-Lind,153 Alpine Place,136 Kings Plaza,7762022333,4629553770
Jenkins Inc,96 Browning Point,2684 Fair Oaks Pass,9248866417,1513472097
"Ankunding, Lebsack and Hane",952 Northwestern Point,17950 Montana Alley,8118005453,8016099181
Terry-Erdman,18 Daystar Lane,4 Kings Road,3307133039,6215699802
Pfannerstill Group,368 Monument Terrace,701 Gerald Junction,2141123232,8751716968
Abernathy Group,9 Corscot Road,9653 Anderson Lane,1405215712,9254714461
Auer LLC,408 Delladonna Alley,4 Delladonna Parkway,3153032831,4883718948
"Stokes, Sawayn and Klocko",55 Brickson Park Pass,19347 Goodland Center,7428974836,0423138448
Franecki Group,25 Cottonwood Alley,2 Paget Drive,9041939121,1685397581
Erdman-Ondricka,7366 Starling Way,873 Stoughton Avenue,9920968978,5947686104
McClure-Koelpin,2 Buena Vista Road,7 Bunting Junction,1907021760,3355459925
Wisozk Group,7875 Morrow Way,1256 Kropf Center,6463341371,3422821899
Gottlieb-Robel,59 Northview Alley,87 Commercial Court,9071993760,0930103203
"Willms, Gleason and Krajcik",7503 Mcbride Park,1546 Sugar Street,1816891630,5136452862
"Kozey, Mertz and Grady",6650 La Follette Pass,133 Carey Road,7740456527,8376316869
Spinka-Jacobi,66579 Sage Alley,44 Oak Crossing,5193211755,4667172223
Russel-Hintz,0326 Lawn Trail,50139 Moose Avenue,5113352225,3065591243
"Hudson, Nader and Reinger",61 Cardinal Drive,2 Sunbrook Street,1760796778,4648713311
Walter Group,92124 Darwin Alley,2675 Bonner Drive,9207587149,6476278231
"Champlin, Hodkiewicz and Aufderhar",7 Russell Point,886 Northridge Drive,2806065828,0955899494
Donnelly-Beier,1 Shasta Circle,14 Spaight Plaza,1643297406,2106378858
"Lueilwitz, D'Amore and Romaguera",9 Bay Crossing,359 Onsgard Way,3122768615,2860743588
White Group,65 Weeping Birch Way,2 Mcguire Place,8580970474,8990324718
"Berge, Breitenberg and Wisozk",4728 Walton Trail,47013 Delladonna Place,2502416485,5963441897
Huels-Satterfield,3 Killdeer Plaza,756 Express Place,3473010588,5479225669
Dooley-Veum,29 South Crossing,6 Scofield Lane,2987939949,5216537457
Watsica LLC,0 Village Green Road,13075 Buell Way,3361522714,8610914038
Wolf and Sons,391 Stang Terrace,84 Old Gate Trail,0170006239,3033736025
Hartmann LLC,96240 Arizona Crossing,35 Bobwhite Way,5006115335,7067446325
Boehm and Sons,43988 Bartelt Terrace,19573 Bluejay Place,0037308734,5145232233
Jenkins LLC,09 Morningstar Place,95 Ronald Regan Drive,3444467729,6544006564
Hoeger Inc,60344 Browning Plaza,4 Old Gate Way,8929978029,6281542347
Keeling and Sons,1819 Scoville Circle,4815 Vermont Park,5999675596,9880203186
"Johnston, Bauch and Connelly",96 Tony Junction,1721 Anniversary Place,4109038138,6340132758
Reichel-VonRueden,9 Surrey Trail,33702 Summit Alley,4328413902,1350073156
Kemmer-Kuhn,436 La Follette Road,75 Kedzie Way,5788345103,1683579666
Kihn Inc,2 8th Trail,92500 Spaight Park,6238046759,6569739468
Windler Inc,236 High Crossing Place,11 David Road,8109235131,2558864165
Osinski Group,31039 Homewood Hill,40803 Springview Court,6101495655,6038581065
"Mueller, Gutkowski and Ritchie",748 Larry Terrace,55 Hanover Terrace,2847359281,0132296802
"Steuber, Zulauf and Jacobi",676 School Pass,955 Badeau Point,2113425882,7452790251
Schoen-Hane,634 Northridge Crossing,9 Northfield Plaza,4766005260,0237767163
Goldner-Heaney,6 Jay Lane,8376 Maple Wood Park,3452878864,4398019375
McLaughlin LLC,51344 Thierer Place,598 Schurz Center,9450003289,4425765486
"Cartwright, Torphy and Cummerata",604 Acker Street,98490 Corben Court,7450755939,4149817766
"Tromp, Rath and Koss",4012 Merrick Avenue,72 Cardinal Alley,3149902444,8110711715
"Jones, Russel and Kilback",777 Portage Pass,40430 Fremont Pass,4042436013,5552303334
Von Inc,27028 Green Ridge Way,0 Claremont Junction,6118898871,5209562166
MacGyver-Berge,327 Messerschmidt Circle,2368 Hazelcrest Circle,8267303448,3393913255
O'Kon LLC,952 Maple Circle,314 Hazelcrest Place,8227825583,8429262202
Crona Group,607 Bartillon Avenue,8725 Oakridge Lane,0725759836,5225263593
Cruickshank-Jenkins,10193 Killdeer Pass,152 Independence Road,0362423911,7404365686
Rohan-Lynch,0110 Towne Crossing,5 Buhler Terrace,7332430312,8446934523
Medhurst-Terry,60 Debra Parkway,49472 Dorton Center,6563943950,5109216568
Harris-Larson,838 Drewry Avenue,470 Dorton Alley,1906033234,4797294248
"Morissette, Hirthe and Deckow",746 Thackeray Circle,3 Calypso Drive,2864736101,6116913822
Turner Inc,95 Judy Point,1414 Gulseth Drive,8479324570,1871243270
Huels-Mann,806 Village Green Parkway,22 Mayer Point,7345352765,0662473639
Collins-Auer,051 Kipling Lane,706 Warbler Pass,3009793596,3643785976
"Kutch, Heaney and Glover",29 Marquette Road,9 Sunfield Street,6170891726,8742183057
"Johnston, Gottlieb and Gutkowski",33614 Montana Pass,98 Milwaukee Terrace,7264543404,3133152831
Haley-Orn,63 Hintze Place,261 La Follette Place,5692945371,2620533627
Willms Group,0 Wayridge Park,310 Quincy Point,0539440892,4576628321
Senger-Pouros,1998 Sunfield Junction,89 Nobel Terrace,3156530948,5262370527
Bergstrom-Runte,13 2nd Pass,0499 Farwell Street,7316062614,4008045244
Stracke Group,74 Dexter Hill,97 Anniversary Junction,2414095741,6960114594
Franecki-Lakin,87 Clyde Gallagher Alley,358 Gerald Point,6558563037,9457211316
Carter-O'Reilly,2629 Weeping Birch Trail,6 Sommers Drive,8769145725,5068173983
"Dach, Kuhlman and Herzog",8233 Annamark Terrace,491 Huxley Crossing,1501439308,6588597142
Schneider LLC,5 Division Way,8948 Eagan Junction,4196783406,9438820809
"Ritchie, Dickens and Lebsack",2543 Darwin Avenue,8 Melrose Alley,6352684173,4738252003
"Gislason, Reichert and Crist",3 Red Cloud Court,2247 Kensington Trail,3721029593,2547057891
McCullough Group,5939 Atwood Alley,2 Burrows Place,1203724691,4767237645
Wunsch-Veum,533 School Street,68207 Derek Alley,4195370280,8944353611
Hegmann LLC,92 Longview Place,93609 Mariners Cove Lane,1910674729,5475533202
Romaguera-Stokes,06028 Lerdahl Court,703 Stuart Place,0448295938,5756042156
Crona-Kutch,7 Cody Avenue,4793 Cascade Way,9907887315,8635076400
Mayert and Sons,5 Pleasure Road,077 Stephen Street,6528139776,2619397642
"Kemmer, Roberts and Walker",4719 Bultman Point,7150 Redwing Terrace,2397496038,5398581376
Russel-Fahey,07225 Rusk Way,692 Magdeline Point,8368706122,1455122874
Bruen-West,3 Prairieview Junction,77522 Reindahl Lane,1563285223,5245721341
Donnelly-Carroll,607 Sommers Center,55090 Cody Terrace,2805328809,2857929633
Runolfsdottir-Dietrich,47701 Upham Street,00873 Continental Point,1211573184,5073784413
Franecki and Sons,4 Stone Corner Road,41160 Rutledge Lane,8571629951,3181234281
Gleason Inc,92252 Schmedeman Parkway,343 Superior Hill,9918448717,1554202965
Erdman and Sons,230 Hanover Alley,60 Clarendon Crossing,5029328718,6098976279
Lubowitz-Jerde,7 Fairview Junction,0494 Sycamore Court,7106284955,2522503197
Gutkowski-Douglas,748 Morning Street,02 Donald Court,7601132943,4028955114
Carroll-Marks,2823 Lawn Center,3 Calypso Trail,7855050515,5364134814
"Reynolds, Mitchell and Lehner",5787 Delladonna Place,38230 Gale Pass,9365119847,6723554930
Keeling Group,21753 Nova Lane,4066 Green Alley,6530629017,8423479463
Larson-Flatley,338 Anzinger Avenue,2879 Grayhawk Junction,5433323471,2861937696
O'Reilly-Fadel,53 Jana Street,62848 John Wall Lane,9056485555,4505710203
Schamberger Inc,4269 Manufacturers Place,816 Hansons Avenue,1806927942,5167992133
Rempel Inc,26629 Redwing Street,8 Hintze Parkway,0739782371,8107139097
Ernser-Goodwin,36 Muir Plaza,82 Hovde Terrace,5503941470,4911405627
Muller-Reilly,6319 La Follette Circle,0381 Melody Road,7059291717,4518020049
Metz-Hahn,40 Parkside Street,042 South Junction,7890411723,1944363912
Boyle Inc,41 Butternut Avenue,0 Oriole Park,3616319846,4010860162
Casper LLC,449 American Ash Lane,34891 Browning Hill,7363321272,3674665476
Zieme Group,5437 Lawn Trail,5 Calypso Street,0504398687,5724573555
"Ratke, Cole and Kunze",77064 Bowman Parkway,31 Southridge Pass,5564747461,5801075003
Daniel and Sons,95063 Donald Circle,95078 Manley Parkway,9921465856,9989833710
"Kunde, Rohan and Maggio",9 Pearson Way,709 Menomonie Plaza,7635383345,8912447114
Green Inc,6 Steensland Street,56064 Spenser Avenue,5469131521,8169452821
"Beier, Predovic and Labadie",72 Debra Park,651 Sheridan Way,1062265904,7990262738
Metz-Abshire,9672 Granby Way,80351 Aberg Plaza,6323555115,0102212600
Wiegand Group,9 Hanson Street,44 Jay Terrace,1964486777,8554578201
Mosciski-Herman,8 Farwell Circle,999 Corry Hill,1528559231,3397499178
Keebler-Moore,04908 Springview Alley,6 2nd Avenue,9360910090,4549589744
"Abbott, Rice and Hand",289 Bowman Terrace,3 Sommers Center,2648059261,7682020822
"Howell, Reynolds and Schuppe",0 Jay Hill,62 Katie Way,1767407246,5602728007
Toy-Stamm,07 Washington Hill,460 Tomscot Pass,7753266721,2772366081
"Frami, Schimmel and Kessler",77621 Nevada Place,7299 Dahle Avenue,8710182349,4024749293
Russel-Schulist,385 Twin Pines Crossing,454 Cherokee Plaza,9941299080,3844061185
"Hahn, Pfannerstill and Schultz",65 Carioca Court,91286 Crowley Drive,4380800350,4303394092
Cummings Group,670 David Plaza,0 Monterey Street,0044432240,2131037635
"Boyle, Ondricka and Stiedemann",34 Butterfield Lane,93 Forest Run Place,6096860133,1843738651
Kreiger Group,282 Westend Center,4 Scofield Trail,6805587840,6435777659
Sanford-Schneider,5894 Springview Crossing,84775 Springview Street,6863609835,6969970051
"Stoltenberg, Kuhn and Predovic",32913 Shasta Court,4 Debs Crossing,3104421412,0591338955
Fahey Group,0141 Butternut Lane,78950 Swallow Road,3319847856,1584019085
Weimann-Nikolaus,59 North Court,42 Esch Avenue,4986242156,5599805581
Jenkins-Waters,80412 Barby Circle,6636 Atwood Circle,0218896123,7339015558
"Ebert, Schmeler and Pagac",5510 Lukken Court,243 Gateway Drive,1222507005,8552072106
Funk Group,21 Straubel Drive,398 Heffernan Hill,6771669653,3024129952
Marvin-Greenfelder,9 Corben Street,95 Scofield Hill,5114757318,1305304365
Feil and Sons,60746 Clove Trail,34425 Cherokee Center,7207888562,4717520904
Weissnat-Ortiz,21485 Jana Circle,126 Thierer Avenue,9935028984,6739808554
Conroy and Sons,741 Chive Court,35 Schlimgen Plaza,9434501113,5844601815
"Ruecker, Jast and Toy",836 Melby Place,78 Continental Place,1645583309,2711563375
"Dietrich, Lueilwitz and Hintz",020 Tennyson Way,06 Melody Lane,9877599686,1419837745
Friesen Group,4 Monterey Crossing,7 Anderson Point,4558102429,2027604529
Rolfson-Donnelly,5 Petterle Trail,934 Waubesa Parkway,5416294701,2266338870
Pouros-Willms,20578 Sutteridge Court,80 Hovde Park,1675067821,3053337541
Paucek Inc,10 Sachtjen Drive,484 Bartillon Place,3302038119,4663179479
Altenwerth-D'Amore,31 Daystar Street,04320 Dayton Pass,3628685893,8547371028
"Boyle, Dicki and Wilderman",6947 Mcguire Park,07554 Eggendart Trail,1464346798,3909488870
Ullrich-Erdman,88619 Morning Parkway,945 Green Crossing,0118448420,9175282852
Mertz-Altenwerth,217 Prentice Terrace,2265 Kedzie Drive,1043122141,7104038175
"Corkery, Gerhold and Miller",21353 Eliot Avenue,34042 Transport Pass,0126718628,5173739223
Kozey LLC,1401 Montana Park,5 Karstens Lane,5316195728,8836719511
Turcotte-Robel,50119 Dwight Hill,936 Caliangt Avenue,8759916540,3333299690
"Rutherford, Friesen and Adams",2 Lillian Avenue,342 Eliot Street,5949308271,9140091309
Nikolaus Inc,632 Transport Parkway,719 Mockingbird Drive,3971761089,1247888754
Morar Group,37 Marquette Way,05 Maple Lane,1650275838,1906600910
Bashirian-Feeney,24 Fieldstone Hill,7956 Union Way,8663838794,9576063116
Bruen-Lubowitz,149 Southridge Lane,78895 Katie Trail,9518608687,8482489402
Jerde Group,311 Sachtjen Hill,1352 Bonner Junction,6460033986,0088317595
"Beahan, Weissnat and Denesik",8 Melby Park,19 Mallard Junction,8795228713,0526580119
VonRueden-Breitenberg,6 Beilfuss Drive,70576 Grasskamp Junction,1554281849,3352213623
Mraz LLC,5 Hauk Alley,3 Lakeland Center,4593454948,1806916126
Gottlieb LLC,646 Almo Parkway,69138 Schurz Avenue,8534141347,9379699352
"Dach, Boehm and Hintz",1 Hintze Hill,7230 Messerschmidt Avenue,7350926235,4390359797
Pouros Group,41783 Summerview Hill,146 Ryan Terrace,2822023204,8137330380
Lowe-Wilderman,923 Melody Alley,2 New Castle Drive,8146962939,2087437351
"Kuhlman, Krajcik and Morar",8 Forest Street,97 Pierstorff Junction,7409877243,9647684762
Walter-Halvorson,27 Westend Park,480 Lien Court,6799199120,2025051557
Emmerich-Bradtke,8 Northport Circle,58 Moulton Avenue,4032978565,6731888265
Braun Group,2 Mendota Alley,50247 Cambridge Park,5613521409,8072108832
Rice-Nitzsche,76914 Dorton Pass,159 Little Fleur Center,5913265521,2071688465
Fay and Sons,3 Orin Road,2 Sunbrook Circle,8169555639,8516909581
Mann-Cassin,968 Killdeer Way,6906 Roth Street,5868814169,1060975823
"Klein, Mills and Bauch",0 Summer Ridge Trail,09 Forest Run Drive,2687890855,1045707120
Balistreri and Sons,954 Sloan Park,63 Daystar Place,2945525062,0214458067
Nitzsche-Parisian,2 Cordelia Court,5007 Upham Crossing,1545929807,2834888353
Osinski-Prohaska,65534 Holmberg Court,74 Merchant Terrace,2196820873,9981515736
"Lowe, Wunsch and Herzog",44 Reinke Junction,32 Vera Avenue,9120451032,1345612540
Satterfield Group,6 Mendota Hill,9430 Schiller Pass,0986961809,1085800539
"Satterfield, Lemke and Wolff",62 Oneill Parkway,8984 Green Pass,8055922608,5841348159
"Pouros, Morissette and Okuneva",0152 Kings Center,84 Moose Center,3790990973,9728055714
Erdman and Sons,9411 South Place,690 Beilfuss Hill,2221610288,2498047131
Miller-Okuneva,446 Everett Circle,58 Susan Plaza,2621610668,8796182148
Tromp-Frami,36 Hanson Street,1247 Hanover Pass,7399081840,4922772472
Dickens and Sons,78244 Loftsgordon Lane,2109 Derek Plaza,0465232450,4337390405
Lang-Quitzon,20419 Pennsylvania Alley,1 Esch Parkway,6776644411,5462206593
"McKenzie, Cummerata and Wilkinson",25 Lerdahl Avenue,2 Maywood Place,0706611128,6550270391
O'Keefe LLC,075 Grim Junction,665 Sutteridge Court,8733697019,0641154720
Hettinger and Sons,830 Artisan Junction,04977 Prairie Rose Lane,6899240246,7139892369
Romaguera-Bergnaum,75950 Paget Parkway,037 Oriole Way,5466261386,7330215279
"Boyle, Lakin and Schiller",37 Russell Way,0982 Glacier Hill Way,3456888511,9355654170
Rosenbaum-Kunze,1 Fremont Point,35929 Prentice Terrace,4060487538,5639692596
"Schowalter, Denesik and Mosciski",6 Moland Junction,84 Waxwing Junction,2631636732,3341531289
Koepp-Kub,826 Oak Trail,1255 Tennyson Terrace,1625835914,2513775112
Barrows Inc,1 Buena Vista Road,53 Meadow Vale Point,4625059437,8150909753
Leannon LLC,974 Northport Parkway,4 Pine View Terrace,7098368334,9939833350
Bogisich-Rosenbaum,7344 Lerdahl Point,6 Pawling Avenue,8974925451,3781834158
Funk-Emard,39 Doe Crossing Hill,27 Milwaukee Circle,9275908494,0425663558
Kirlin and Sons,09 Golf Course Terrace,36 Muir Court,8488418795,9057908972
Barton-Schneider,01 Becker Circle,129 Transport Road,8551365053,0429711859
Abbott-Thiel,6 Swallow Way,151 Burning Wood Plaza,4404293542,7137689035
Schulist-Batz,158 Pond Junction,6 Melrose Junction,7313121768,5085083989
"Kshlerin, Ondricka and Kihn",474 Debra Trail,20 Bunting Center,5235871804,2307975969
Welch-Schiller,830 Helena Pass,4 Ronald Regan Circle,0809116030,8541868095
"Emard, Littel and Nicolas",325 Burrows Avenue,2 Fallview Center,5909538888,5836005885
Ritchie Inc,6005 Lighthouse Bay Pass,4 Ohio Point,7627714206,7368017105
Orn Group,6236 Doe Crossing Park,02989 Fordem Pass,7068447376,3038321370
"Beahan, Ratke and Schoen",643 Killdeer Plaza,2374 Homewood Terrace,4517114228,9422090210
Towne and Sons,736 Alpine Road,8753 Rowland Drive,5259741331,2663754161
Cole Group,70 Lawn Court,55990 Warner Junction,0623131536,3321075148
McCullough-Labadie,4 Orin Junction,8 Sherman Street,1754574343,3979687139
Ledner and Sons,0889 Killdeer Center,35 Grayhawk Place,8719198892,5341990994
"Ryan, Treutel and Bauch",66296 Southridge Avenue,07838 Redwing Drive,7365354674,3663008991
Hermiston LLC,18416 Hooker Pass,12 Mendota Road,0870325574,0670704504
Kunze-Reichel,17189 Dexter Alley,1 Packers Parkway,8879391224,2595014846
Gibson-Russel,2503 Summit Center,932 Veith Street,0891180486,4248171376
Jast Group,1 Sunfield Pass,20 Sundown Junction,1301742902,8325633638
"Hudson, Hagenes and Vandervort",80 Walton Drive,618 Gateway Terrace,7793209796,2117712932
Gibson and Sons,6 Division Place,5 Rigney Court,3879237549,2886561975
"O'Keefe, Harvey and McClure",9796 Kipling Junction,739 Blackbird Place,5785416522,2460522096
"Dickinson, Reichel and Schiller",1743 Dahle Terrace,4 Briar Crest Street,5148914602,6858250751
Friesen-Johnson,76487 Lighthouse Bay Road,25 Crowley Way,8582088205,0276174291
"Fisher, Pfeffer and Wolff",74 Ridgeview Point,401 Bay Point,2803138050,4759059261
"Dibbert, Osinski and Stanton",32 Union Lane,72 Moland Way,6302043603,5741971911
"Walker, Bosco and Rosenbaum",5188 Mccormick Point,24742 Scott Trail,5122286760,1013659856
"Effertz, Brakus and Ledner",51 Golf Point,44 Kim Place,7953991209,2776372981
Beier-MacGyver,5176 East Point,483 Anthes Terrace,7504181870,7749775587
Littel-Fahey,2 Kennedy Trail,1903 Toban Trail,6990188995,6508557998
"Schuster, Conn and Bernhard",9 Village Green Trail,9134 Vahlen Avenue,0075375397,0035444576
Hirthe-Shanahan,1 Kropf Point,926 Quincy Point,0173402933,5352013391
Kuhn Group,429 Prentice Pass,867 Sundown Point,1232756326,0623355396
Bartoletti-Labadie,35 Kennedy Plaza,982 Charing Cross Plaza,6123192507,6394810657
"Kirlin, Jerde and Wiegand",0 Ilene Junction,4 Erie Crossing,6417145840,3308448300
"Hyatt, Reilly and Beahan",7983 Vera Street,903 Monterey Center,1646494431,3004867257
Crooks and Sons,5 Gulseth Court,11288 Fulton Street,8272909588,9648014264
"Maggio, Dietrich and Funk",2475 Hollow Ridge Drive,2 Kipling Road,6938875049,3521947939
Borer Group,4367 Cambridge Street,55 Morning Circle,5827487414,7214881489
Ritchie and Sons,670 Troy Avenue,05 Victoria Point,3932416112,7302810885
Donnelly and Sons,626 Nobel Center,41268 Prairieview Place,3081860652,0227805429
O'Hara Group,03 Maryland Street,9397 Waxwing Way,4410095064,6877795687
Konopelski-Boyle,2738 Fairview Pass,035 7th Circle,0059812559,8367291522
"Turcotte, Volkman and Lakin",80 Chive Alley,34967 Glendale Way,6402396591,9837802421
Nicolas Inc,87 Vera Drive,737 Petterle Avenue,3198312418,1154090418
Weimann-Okuneva,6621 Annamark Street,6 Bunting Avenue,7879712607,1768237700
"Yundt, McClure and Shields",11 Ryan Avenue,991 Shopko Alley,3751494502,7475543676
Luettgen-Oberbrunner,8027 Carpenter Street,10 Mallory Place,0723262926,9081740202
Gleason LLC,2 Lukken Point,3759 Toban Center,0044511418,6898591835
Yost-Kunde,9 Boyd Park,82293 Meadow Valley Terrace,6673405589,3627470303
"Tromp, Morar and VonRueden",8 Gale Drive,74 Waxwing Street,0621282758,3246373272
Hyatt-Kuhic,45 Welch Terrace,8907 Maywood Court,0544580206,6138928644
Schmitt Group,8 Bartelt Crossing,6274 Ridgeview Center,3881445412,2805914767
"Daniel, MacGyver and Reinger",11 Mosinee Parkway,86 Sauthoff Parkway,7146110338,9270572900
Bosco Inc,88103 Dottie Road,3128 Moland Crossing,4957296154,0073585904
O'Connell LLC,56518 Dennis Alley,56 Talmadge Street,6705451025,1517335817
"Howe, Bernier and Maggio",62548 Springview Parkway,84353 Basil Road,7867853057,5781647872
Kling-Strosin,6 Arkansas Place,44 Prentice Circle,4559759871,9345420355
Rosenbaum and Sons,1493 Schurz Terrace,119 Daystar Center,4027213017,9857663311
"O'Kon, Langworth and Anderson",67558 Springview Street,6 Northport Park,1579624839,7410263032
Terry-Schultz,43560 Moland Drive,593 Buhler Place,0116761059,9582676604
Stanton-Cruickshank,29374 Bellgrove Drive,0 Butternut Trail,3586736223,7819525223
Klocko-Rolfson,19 Waywood Court,2 Old Gate Parkway,7376169288,4434048090
Farrell-Ullrich,320 Fisk Circle,3326 Rockefeller Avenue,0871275511,3837375544
"Leffler, Mills and Hansen",295 Ludington Road,7 Service Junction,4320748565,5715555760
Gleason LLC,86 Loftsgordon Place,4340 Blackbird Terrace,7448584626,4899214162
Brakus Group,01265 Cottonwood Lane,3967 Grasskamp Place,4320821742,3012963065
Witting-Powlowski,016 Roth Parkway,406 Nelson Crossing,7765762494,6539206631
Ruecker-Lockman,35997 Brown Court,76795 Novick Place,2980100978,3782239164
"Cole, Langosh and West",186 Starling Avenue,094 Golden Leaf Place,1714092062,8296839768
Beahan Group,9 Namekagon Drive,6 Rigney Park,5259283139,2204921882
"Gerhold, Murazik and Skiles",940 Prentice Point,08536 Arapahoe Street,6071205972,3907211006
"Bradtke, Bruen and Corwin",0 Trailsway Drive,63895 Veith Alley,4693083968,1405906847
"Turner, Mayer and Rosenbaum",67 Meadow Valley Lane,1 Sunbrook Point,5136017317,3285777419
Senger-Spencer,87457 Thompson Way,52 Vidon Lane,1272122123,3964713236
"O'Connell, Ondricka and Armstrong",18 Darwin Parkway,0 Park Meadow Circle,3303428050,1940195969
"Batz, Hackett and Bailey",7843 Meadow Vale Hill,182 Gina Parkway,5039992645,7023170839
"Prohaska, Heller and Gerlach",69377 Menomonie Terrace,96206 Hermina Drive,8498111145,6403169114
Hansen LLC,0537 Dryden Parkway,43 Express Hill,2295123291,8472232018
Skiles and Sons,743 Oak Valley Alley,62029 Atwood Street,4171342864,1029399697
Larson LLC,7 Bultman Street,751 Farmco Hill,5923564394,4010259752
Barton-Parker,60896 Holmberg Park,45101 American Crossing,7002641387,7198089879
Dooley and Sons,7261 Columbus Trail,187 Briar Crest Crossing,4729534190,7771941877
Schumm-Barton,92694 Mccormick Parkway,1120 David Point,9616847643,2717921222
Oberbrunner LLC,75458 Cordelia Drive,0778 Oakridge Drive,8700931284,5298141250
Paucek-Macejkovic,743 Washington Avenue,7984 Morrow Road,5505615570,4446940953
Bartoletti Inc,21 Jenifer Terrace,2777 Express Junction,3705370251,5046692716
"Zboncak, Christiansen and Fisher",4057 Evergreen Trail,3 Cascade Road,8765104978,4139329076
"Kunde, McCullough and Ernser",4 Amoth Pass,9 Almo Pass,9498004544,2621062598
"Lemke, Kiehn and Zieme",66 Monument Road,6 Dapin Terrace,3976445967,5057460854
Johnston-Wiza,59883 Springs Street,9 Vermont Street,1735044040,0328524654
Feeney-Paucek,595 Cambridge Trail,02 Crest Line Drive,9905795022,4300282196
Mertz Group,03478 Ohio Avenue,6816 Golden Leaf Street,6640148641,9889179741
Stanton-Nikolaus,179 Parkside Street,66 Maryland Avenue,2776617380,3292819091
Johnson-Waters,42 Eagle Crest Plaza,01 High Crossing Lane,0477887317,2538651506
"Bogisich, Cole and Bashirian",5419 Northfield Way,815 Roxbury Park,8014735862,5351855542
"Ankunding, Pouros and Johnston",3252 Browning Point,3 Esch Drive,5227591865,9947602257
"Homenick, Rempel and Gutmann",30789 Knutson Place,0 Washington Point,0523978650,5360376821
Reynolds Inc,97624 Hazelcrest Lane,36 Anhalt Court,7117009179,0534418996
Schroeder-Olson,32 Grim Court,0 Bayside Lane,5357517428,9182833931
Schoen-Beahan,737 Forster Hill,1 Loftsgordon Alley,6010057183,8780995187
"Gulgowski, Block and Jakubowski",941 Sycamore Circle,475 Buena Vista Pass,9439021799,5847557418
"Bogisich, Kautzer and Schimmel",9577 Sunnyside Court,653 Becker Plaza,9735103753,8290083017
"Bayer, Ferry and Walter",10 Corben Lane,18703 Farragut Point,4194076788,6129911378
"Vandervort, Wilkinson and McClure",405 Acker Drive,5 Hovde Junction,0438968522,5532561664
Daugherty-Adams,72 Porter Drive,97763 Kingsford Terrace,6350440552,1520013450
Bauch Group,2 Mayfield Avenue,95436 Basil Circle,8750371150,5825721711
Boyer and Sons,108 Waubesa Pass,34 Hagan Point,8283385283,1078313512
"Hudson, Batz and Sauer",12 Melody Drive,24456 Mockingbird Junction,9389575222,2615602187
"Rodriguez, Quitzon and Reynolds",02536 Golf Point,70 Sutherland Road,4320224744,0588851167
Green-Kilback,6474 Hayes Pass,0069 Red Cloud Alley,3967720284,5131777402
Beatty Inc,38168 Almo Crossing,7 Del Sol Trail,4259068024,4919532970
Cummings-Dietrich,87040 Elmside Circle,453 Petterle Alley,2922778231,3141784795
Boyer-Kuhn,9 Lukken Avenue,3 Hagan Terrace,7670807040,6229086743
Abernathy-Little,64487 Farragut Parkway,38220 Donald Pass,5087930212,5503014278
Runte Inc,69 Helena Junction,4 Clemons Point,6860348305,8174016295
"Stokes, Nitzsche and Kutch",1 Doe Crossing Hill,97396 Carioca Plaza,7286160761,0569320216
Kemmer LLC,058 Kennedy Circle,09 Coleman Parkway,6559269051,4246038776
Schroeder Group,340 Grim Drive,80357 Vernon Park,0241367395,6886396609
Carroll and Sons,547 Corry Alley,8 Corry Avenue,0353569909,8810840399
"Ruecker, Mitchell and Bashirian",16 Green Ridge Trail,2 Grasskamp Circle,9639100323,3378394501
Torphy-Collins,9423 Loftsgordon Plaza,201 Russell Trail,0011496630,3368374559
Reynolds-Abshire,4 Thompson Drive,92 Express Way,9543458561,1532253745
Reichert-Lang,61680 Jenifer Terrace,65457 Bellgrove Court,7673289199,1006607463
Schaden-Runte,02930 1st Avenue,17 Helena Road,6161425920,5397987328
"Nicolas, Bradtke and Willms",4 Sugar Terrace,68 Sommers Place,4934471294,0174238312
Smitham Group,543 Shasta Point,69 Rowland Trail,5995923927,4838963149
Schimmel Group,19364 East Court,52673 Huxley Circle,9542429754,3503881093
Kovacek-Gorczany,49106 Cordelia Way,644 Onsgard Place,0070710481,2483949657
Mayert-Carter,281 Blue Bill Park Plaza,0 Fordem Way,3289563677,1145991920
"Howell, Farrell and Grimes",9850 Holmberg Place,860 Anzinger Lane,0389920266,4833844648
"Gottlieb, Durgan and Connelly",8 Blackbird Terrace,7 Starling Plaza,3571417038,6064246693
Hintz-Langosh,48 Dakota Hill,44 Jay Road,3850333825,3505164658
Cassin-Hodkiewicz,08 Becker Alley,9062 Kropf Alley,2722982463,5840868582
Mayer LLC,87969 Vera Park,66206 Packers Terrace,4499663571,5142543890
Hermiston LLC,52 Nevada Circle,951 Acker Lane,7562201439,3339314799
Corwin Group,7 Division Center,51 Sheridan Road,3548516211,4858964078
"Blick, Gottlieb and Brown",8 Iowa Pass,22 Holmberg Road,6776155348,3999628065
Wiegand-Kuhic,99 Waywood Alley,37724 Oak Valley Plaza,6748537851,4200958961
Klocko-Kertzmann,497 Mallory Center,41980 Surrey Alley,8753812751,6497091440
Lind-Jones,274 Novick Pass,8 Utah Court,9909354543,7428149193
Durgan-Von,5029 Dixon Street,714 Walton Place,5243712647,4121185544
Deckow-Corkery,7 Hallows Parkway,6956 Manley Terrace,1037135067,7146601390
Collins Group,3080 Pankratz Center,2 Harbort Street,1982466685,1741549604
Littel Inc,326 Cody Junction,7055 Havey Way,3939121002,8094752610
"Blanda, Bauch and Russel",65018 Bartillon Street,30 Green Ridge Parkway,6045078241,6319690542
"Brakus, Franecki and Heller",4458 Sunfield Drive,961 Dahle Way,4517711137,2792752416
Daniel-Padberg,8614 Grayhawk Terrace,18598 Acker Parkway,6104953700,7943977130
Hahn-Bins,17985 Harbort Trail,0 Ruskin Parkway,1273565827,8113658351
"Rodriguez, Gusikowski and Bernier",22 Declaration Terrace,0 Thompson Drive,8063317920,1810806720
Dach-Gibson,4619 Eggendart Crossing,3 Grasskamp Terrace,5398416944,8626134428
Huels Group,13072 Cherokee Terrace,79412 Birchwood Court,1104863618,0097320978
Hudson-Grimes,09314 Quincy Hill,6 4th Road,5732473564,0936502053
Grady-Harber,827 Packers Drive,79 Schurz Hill,2001099541,4882436906
Becker LLC,588 Upham Crossing,06 Daystar Alley,5426406677,7962610913
"Schneider, Weissnat and Becker",14 Ruskin Plaza,45 Rieder Hill,4286842207,2965478604
Bailey and Sons,6 Dakota Parkway,07713 Oneill Way,2300589001,4782986416
"Medhurst, Lynch and Botsford",4 Mccormick Place,233 Scofield Circle,8826607176,4514926329
Windler-Balistreri,6 Tony Drive,41945 Porter Pass,9239083367,3133193090
Johnson LLC,384 Ridgeview Point,28516 Memorial Lane,3112750748,6593078476
"Koelpin, Abernathy and Bernhard",0830 Lerdahl Crossing,0 Continental Junction,4232527044,1951971647
Crona-Lynch,8289 Oakridge Alley,35 Coleman Trail,4451003148,4397118736
"Runte, Towne and Wunsch",9606 Jackson Crossing,6 Lerdahl Terrace,5337984152,4916315081
"Bartell, Lang and Jakubowski",434 Scofield Alley,8 Carpenter Terrace,0899564895,4224007223
"Bartoletti, Ziemann and Nienow",57652 Service Court,29502 Commercial Way,2387808908,5890663801
Nitzsche-Crona,4003 Sauthoff Pass,2448 Stoughton Alley,5248268303,6835210621
Bahringer-Mraz,4815 Toban Park,1725 Algoma Drive,9523048325,5875444568
Bruen Group,3181 Laurel Pass,1 Arkansas Hill,2960443632,7468776806
Toy-Schimmel,19913 Kipling Avenue,47744 Pearson Terrace,4637797314,6184379984
Purdy and Sons,21453 Delladonna Parkway,81991 Park Meadow Hill,3566738727,5724042037
"Bauch, Roberts and Barrows",8963 Roxbury Place,22 Corscot Circle,3564977260,1560404426
"Larkin, O'Kon and O'Reilly",36 Hoepker Parkway,378 Iowa Parkway,4331533433,6563999840
"Altenwerth, Tromp and Purdy",36 1st Alley,91 Clemons Point,9956086657,4734799121
Mills-Ratke,77148 Sloan Court,2 Harper Circle,4775240021,6106903603
Flatley-Padberg,8240 Monica Center,89 Fremont Road,3684511021,1669985806
"Schmitt, Ritchie and Becker",8607 Bluestem Crossing,26075 Buena Vista Alley,1385660473,1117111601
Nitzsche-Upton,19 Cordelia Road,44306 Bashford Park,0170810216,1684687667
Nienow-Morar,060 8th Parkway,13164 Nancy Lane,0772366241,9043173479
"Herzog, Goyette and Graham",69033 Riverside Pass,5 Karstens Point,0829548564,5203603545
Hirthe-Goldner,1586 Butterfield Center,945 Mendota Circle,1297756185,8064265630
"Larson, Weber and Runte",7906 Anniversary Alley,26 Alpine Way,4752809400,3873889404
Bernhard-Kuhic,0 Hoepker Circle,510 Lighthouse Bay Lane,2037400853,2603103059
Torp-Weissnat,16 Pond Place,52 Merry Place,5889783629,2546681435
Kuhn-Treutel,42 Nobel Way,82 Sunfield Place,0646171216,0640428037
Harvey LLC,1 Redwing Lane,95 Heffernan Road,6182758066,2887765523
Harvey Group,29 Homewood Drive,76042 Burning Wood Center,2605498115,6087699295
"O'Hara, Davis and Kozey",25714 Dunning Junction,83280 Summer Ridge Center,4047841218,7697219891
Kessler Inc,61 Center Pass,34120 5th Crossing,4492165312,3118395400
"Mayert, Emmerich and Johns",4 Hansons Circle,4871 Pawling Junction,1824760191,2239328924
King Inc,479 Vidon Park,56 Steensland Alley,8950221195,8618659495
Harris-Dach,608 Calypso Parkway,07758 Hazelcrest Avenue,6467376528,7609407267
Crooks Inc,1 Dorton Hill,78497 Heath Street,8972374199,5576975049
"Reynolds, Block and Bashirian",1 Westport Street,032 Dennis Place,1927544351,9801338288
"Carter, Rowe and Kunze",2804 Sullivan Drive,84 Orin Trail,3275031066,0546367445
"Pfannerstill, Reichel and Ritchie",2206 Shelley Hill,27031 Memorial Terrace,8088301645,0768651913
"Erdman, Macejkovic and Cassin",16555 Eliot Park,265 Melvin Parkway,2385550997,4836207967
Oberbrunner-Hahn,14 Birchwood Point,79930 Maple Wood Road,6568253057,1386178535
"Schroeder, Lebsack and Bradtke",9992 Annamark Road,47 Anhalt Way,8155698912,3176178069
Ondricka Group,0 Gina Trail,5 Schmedeman Court,1584088591,3833744944
Frami LLC,5504 Mosinee Junction,14494 Oak Court,8927801636,5230797096
"Sporer, Bechtelar and Pouros",996 Schurz Alley,1 Loomis Avenue,1601977875,5576816706
Stehr-Pollich,8 Park Meadow Way,562 Algoma Lane,1399365169,9641664743
"Crist, Shanahan and Erdman",91 Old Gate Road,306 Nobel Court,5537651386,3902184582
Gerhold-Oberbrunner,690 Maywood Avenue,02 Summerview Road,9005342684,5209564231
"Williamson, Armstrong and Heidenreich",86336 Algoma Crossing,717 Riverside Center,9763568358,3293949479
Kilback Inc,5 Kinsman Pass,569 Gerald Pass,0822011409,2469252482
"Mraz, Parisian and Dickens",33 Weeping Birch Road,679 Boyd Avenue,9905781323,9902322719
Kirlin LLC,5 Mcguire Crossing,4500 Roxbury Trail,6168834001,0845636359
"Jakubowski, Rutherford and Rolfson",373 Mesta Hill,236 Northridge Circle,1556002440,8419021598
O'Conner Inc,45020 Petterle Center,2762 Delladonna Crossing,6412606971,9158178066
"Robel, Feest and Orn",351 Shoshone Junction,023 Mendota Pass,8097669889,7728674218
"Trantow, McKenzie and Harvey",527 Hudson Lane,8506 Armistice Circle,2946837866,3565490365
Hagenes-Sawayn,613 Rowland Trail,1 Basil Park,6908206629,9194653623
"Miller, Beahan and Lockman",18 Pepper Wood Alley,7907 Hansons Avenue,2311255592,1836427271
Wehner Group,1414 Twin Pines Park,4531 Butternut Court,2559259788,1770455388
Cartwright-Sawayn,709 Amoth Lane,920 Carpenter Trail,6388323995,4075039188
Rowe-Schaefer,4 Moulton Parkway,3 Clarendon Place,8713007440,9620051874
"Mueller, Leuschke and Kautzer",5 Ronald Regan Street,64 Algoma Avenue,8313955910,6015556560
Ryan-Berge,66 Cherokee Trail,312 Oriole Road,8136544875,5241287159
Grant Group,669 Old Shore Point,9541 Laurel Circle,8976097815,8597180730
Bernier-Keebler,9022 Crownhardt Circle,52317 Vera Drive,9955141166,0216147409
"Walker, Ratke and Trantow",1 Carpenter Avenue,2 Dunning Alley,1082642053,8368906962
Kerluke-Cummerata,9 Graceland Trail,31638 Judy Pass,3607225982,4488109306
Rice-McKenzie,0 Sage Point,11718 Gulseth Alley,6939478604,7244168667
Barton Inc,44 Clarendon Alley,08800 Killdeer Place,8446903156,4515247379
Jacobs-Macejkovic,5517 Quincy Park,21931 Claremont Terrace,7701975187,2790992169
"Walker, Reichert and Schinner",05959 Nevada Hill,320 Garrison Plaza,6833912327,8578605128
"Fadel, Christiansen and Larkin",8780 Vermont Pass,591 Larry Street,8508878869,9266232475
Fritsch-Dach,35 Cardinal Parkway,900 Longview Point,6639849283,8780303005
"Wuckert, Donnelly and Howe",828 Green Lane,012 Crownhardt Street,7849603494,7301363389
Wyman-Lockman,21963 Shoshone Center,9045 Havey Crossing,1614324115,9137528149
"Lang, Ankunding and Hoppe",618 Westerfield Terrace,7066 Dawn Lane,1086255526,0642498903
Haag-Lind,0 Montana Center,6521 Northridge Circle,1949468860,5659941737
Greenholt LLC,268 Paget Court,71 Grover Court,8247041677,5672330983
"Rice, Rice and Connelly",926 Del Mar Way,46 Ruskin Circle,3990899619,6713397808
Dooley-Prosacco,7077 Carioca Point,0 Sutherland Junction,5829560755,7563823271
Feest-Larkin,9 Sachs Crossing,13811 John Wall Pass,7167226645,1076950604
Murazik-Harber,7676 Moland Trail,6742 Veith Street,2280684055,3565005343
"Cole, Gleichner and Douglas",3525 Dovetail Parkway,0313 Evergreen Hill,6167575142,9210763688
Konopelski-Reichert,72 Mcbride Avenue,80 Dayton Pass,3953441094,5788606187
Rutherford LLC,87 Eliot Junction,9904 Shoshone Crossing,0895153114,9074225934
